ID,Request ID,User ID,Current Level,Requested Level,Reason,Status,Reviewed By,Reviewed At,Created At
32b30d26-f861-48bd-a113-e7d9bee01b29,,USER-022,Shraddhavan,,,Pending,,,2026-03-22T06:25:28.222Z
b54b31f4-312e-46dc-9ce9-472ffc62935b,,USER-007,Sadhaka,,,Pending,,,2026-03-22T12:35:59.561Z
4e06d548-7409-4e81-876a-31fa24933cf7,,USER-021,Sadhaka,,,Pending,,,2026-03-24T14:56:55.099Z
faf64a29-fdd7-43d3-99d3-01eb97efbc47,,USER-071,Jigyasa,,,Pending,,,2026-04-19T14:07:21.347Z
08638944-8033-430c-b14f-67fe5c12eb40,,USER-085,Shraddhavan,,,Pending,,,2026-04-20T09:41:51.111Z
7ac12bfb-1d6b-4d79-aa5b-504b27c0548c,,USER-036,Jigyasa,,,Pending,,,2026-04-20T15:32:37.732Z
15788242-9c35-4898-8e75-304e49f55026,,USER-112,Jigyasa,,,Pending,,,2026-04-20T17:08:26.869Z
47581a71-9476-4498-a390-bdf6e4db7785,,USER-043,Jigyasa,,,Pending,,,2026-05-06T16:57:27.196Z
a4b3c6cb-d897-4083-8009-1c547a922382,,USER-010,Upasaka,,,Pending,,,2026-05-12T04:33:58.050Z
1441bbb3-66cb-41b8-b997-53a78ad6a31b,,USER-070,Jigyasa,,,Pending,,,2026-05-23T19:46:24.679Z
7d5085cf-e3d0-459c-8c27-b44be327c713,,USER-019,Sevak,,,Pending,,,2026-06-14T17:35:58.962Z
8426a887-3de7-4f0f-a998-d73ba8ead3d2,,USER-045,Jigyasa,,,Pending,,,2026-06-18T03:01:57.375Z
88064182-c692-4673-b428-a5a0e51a47d4,,USER-042,Shraddhavan,,,Pending,,,2026-06-22T17:07:56.088Z
a5434840-b198-4e02-a069-18499e78f64e,,USER-033,Shraddhavan,,,Pending,,,2026-06-25T17:49:29.017Z
6620404c-8f69-4ddb-9fd4-1cb5e3d3c864,,USER-162,Jigyasa,,,Pending,,,2026-06-26T18:18:06.799Z
26ef1cab-5406-4cf5-9c58-7132275d73b0,,USER-026,Jigyasa,,,Pending,,,2026-07-12T17:59:54.031Z